{
  "mama": {
    "status": 0,
    "note": ""
  },
  "plants": {
    "port": "/dev/ttyACM0",
    "critical": [0.62, 0.65],
    "names": ["Cleo", "Luna"]
  },
  "govee": {
    "ip": "192.168.188.24"
  },
  "sky": {
    "width": 640,
    "height": 480,
    "camera": 1,
    "interval": 10,
    "save_time": 720,
    "save_folder": "../sky"
  },
  "ntfy": {
    "ip": "192.168.188.48",
    "port": "5105",
    "default_topic": "joa"
  },
  "wol": {
    "joalaptop": "38:fc:98:c9:66:df"
  },
  "subdevices": [],
  "environ": {}
}
